{
    "Afghanistan": [],
    "Åland Islands": [],
    "Albania": [],
    "Algeria": [],
    "American Samoa": [],
    "Andorra": [],
    "Angola": [],
    "Anguilla": [],
    "Antarctica": [],
    "Antigua and Barbuda": [],
    "Argentina": [],
    "Armenia": [],
    "Aruba": [],
    "Australia": [],
    "Austria": [],
    "Azerbaijan": [],
    "Bahamas": [
        "The Bahamas"
    ],
    "Bahrain": [],
    "Bangladesh": [],
    "Barbados": [],
    "Belarus": [],
    "Belgium": [],
    "Belize": [],
    "Benin": [],
    "Bermuda": [],
    "Bhutan": [],
    "Bolivia (Plurinational State of)": [
        "Bolivia"
    ],
    "Bonaire, Sint Eustatius and Saba": [],
    "Bosnia and Herzegovina": [],
    "Botswana": [],
    "Bouvet Island": [],
    "Brazil": [],
    "British Indian Ocean Territory": [],
    "Brunei Darussalam": [
        "Brunei"
    ],
    "Bulgaria": [],
    "Burkina Faso": [],
    "Burundi": [],
    "Cabo Verde": [
        "Cape Verde"
    ],
    "Cambodia": [],
    "Cameroon": [],
    "Canada": [],
    "Cayman Islands": [],
    "Central African Republic": [],
    "Chad": [],
    "Chile": [],
    "China": [],
    "Christmas Island": [],
    "Cocos (Keeling) Islands": [],
    "Colombia": [],
    "Comoros": [],
    "Congo": [
        "Congo (Kinshasa)"
    ],
    "Congo, Democratic Republic of the": [
        "Congo (Brazzaville)"
    ],
    "Cook Islands": [],
    "Costa Rica": [],
    "Côte d'Ivoire": [
        "Cote d'Ivoire"
    ],
    "Croatia": [],
    "Cuba": [],
    "Curaçao": [],
    "Cyprus": [],
    "Czechia": [],
    "Denmark": [],
    "Djibouti": [],
    "Dominica": [],
    "Dominican Republic": [],
    "Ecuador": [],
    "Egypt": [],
    "El Salvador": [],
    "Equatorial Guinea": [],
    "Eritrea": [],
    "Estonia": [],
    "Eswatini": [],
    "Ethiopia": [],
    "Falkland Islands (Malvinas)": [],
    "Faroe Islands": [],
    "Fiji": [],
    "Finland": [],
    "France": [],
    "French Guiana": [],
    "French Polynesia": [],
    "French Southern Territories": [],
    "Gabon": [],
    "Gambia": [],
    "Georgia": [],
    "Germany": [],
    "Ghana": [],
    "Gibraltar": [],
    "Greece": [],
    "Greenland": [],
    "Grenada": [],
    "Guadeloupe": [],
    "Guam": [],
    "Guatemala": [],
    "Guernsey": [],
    "Guinea": [],
    "Guinea-Bissau": [],
    "Guyana": [],
    "Haiti": [],
    "Heard Island and McDonald Islands": [],
    "Holy See": [],
    "Honduras": [],
    "Hong Kong": [],
    "Hungary": [],
    "Iceland": [],
    "India": [],
    "Indonesia": [],
    "Iran (Islamic Republic of)": [
        "Iran"
    ],
    "Iraq": [],
    "Ireland": [],
    "Isle of Man": [],
    "Israel": [],
    "Italy": [],
    "Jamaica": [],
    "Japan": [],
    "Jersey": [],
    "Jordan": [],
    "Kazakhstan": [],
    "Kenya": [],
    "Kiribati": [],
    "Korea (Democratic People's Republic of)": [
        "Korea, South",
        "South Korea"
    ],
    "Korea, Republic of": [],
    "Kuwait": [],
    "Kyrgyzstan": [],
    "Lao People's Democratic Republic": [
        "Laos"
    ],
    "Latvia": [],
    "Lebanon": [],
    "Lesotho": [],
    "Liberia": [],
    "Libya": [],
    "Liechtenstein": [],
    "Lithuania": [],
    "Luxembourg": [],
    "Macao": [],
    "Madagascar": [],
    "Malawi": [],
    "Malaysia": [],
    "Maldives": [],
    "Mali": [],
    "Malta": [],
    "Marshall Islands": [],
    "Martinique": [],
    "Mauritania": [],
    "Mauritius": [],
    "Mayotte": [],
    "Mexico": [],
    "Micronesia (Federated States of)": [],
    "Moldova, Republic of": [
        "Moldova"
    ],
    "Monaco": [],
    "Mongolia": [],
    "Montenegro": [],
    "Montserrat": [],
    "Morocco": [],
    "Mozambique": [],
    "Myanmar": [
        "Burma",
        "Myanmar (Burma)"
    ],
    "Namibia": [],
    "Nauru": [],
    "Nepal": [],
    "Netherlands": [],
    "New Caledonia": [],
    "New Zealand": [],
    "Nicaragua": [],
    "Niger": [],
    "Nigeria": [],
    "Niue": [],
    "Norfolk Island": [],
    "North Macedonia": [],
    "Northern Mariana Islands": [],
    "Norway": [],
    "Oman": [],
    "Pakistan": [],
    "Palau": [],
    "Palestine, State of": [],
    "Panama": [],
    "Papua New Guinea": [],
    "Paraguay": [],
    "Peru": [],
    "Philippines": [],
    "Pitcairn": [],
    "Poland": [],
    "Portugal": [],
    "Puerto Rico": [],
    "Qatar": [],
    "Réunion": [],
    "Romania": [],
    "Russian Federation": [
        "Russia"
    ],
    "Rwanda": [],
    "Saint Barthélemy": [],
    "Saint Helena, Ascension and Tristan da Cunha": [],
    "Saint Kitts and Nevis": [],
    "Saint Lucia": [],
    "Saint Martin (French part)": [],
    "Saint Pierre and Miquelon": [],
    "Saint Vincent and the Grenadines": [],
    "Samoa": [],
    "San Marino": [],
    "Sao Tome and Principe": [],
    "Saudi Arabia": [],
    "Senegal": [],
    "Serbia": [],
    "Seychelles": [],
    "Sierra Leone": [],
    "Singapore": [],
    "Sint Maarten (Dutch part)": [],
    "Slovakia": [],
    "Slovenia": [],
    "Solomon Islands": [],
    "Somalia": [],
    "South Africa": [],
    "South Georgia and the South Sandwich Islands": [],
    "South Sudan": [],
    "Spain": [],
    "Sri Lanka": [],
    "Sudan": [],
    "Suriname": [],
    "Svalbard and Jan Mayen": [],
    "Sweden": [],
    "Switzerland": [],
    "Syrian Arab Republic": [
        "Syria"
    ],
    "Taiwan, Province of China": [
        "Taiwan*",
        "Taiwan"
    ],
    "Tajikistan": [],
    "Tanzania, United Republic of": [
        "Tanzania"
    ],
    "Thailand": [],
    "Timor-Leste": [],
    "Togo": [],
    "Tokelau": [],
    "Tonga": [],
    "Trinidad and Tobago": [],
    "Tunisia": [],
    "Turkey": [],
    "Turkmenistan": [],
    "Turks and Caicos Islands": [],
    "Tuvalu": [],
    "Uganda": [],
    "Ukraine": [],
    "United Arab Emirates": [],
    "United Kingdom of Great Britain and Northern Ireland": [
        "United Kingdom"
    ],
    "United States of America": [
        "US",
        "United States"
    ],
    "United States Minor Outlying Islands": [],
    "Uruguay": [],
    "Uzbekistan": [],
    "Vanuatu": [],
    "Venezuela (Bolivarian Republic of)": [
        "Venezuela"
    ],
    "Viet Nam": [
        "Vietnam"
    ],
    "Virgin Islands (British)": [],
    "Virgin Islands (U.S.)": [],
    "Wallis and Futuna": [],
    "Western Sahara": [],
    "Yemen": [],
    "Zambia": [],
    "Zimbabwe": []
}